date,stance,text
2026-06-22,偏积极,今天市场数据显示，整体偏向积极，但需要注意一些细节。虽然波动率和收益率曲线都处于中性或偏平状态，信用利差偏低说明市场对信用风险比较乐观，个股之间也没有过度跟随。不过，纳指方向信号的可靠性不高，所以我们不能完全放松警惕。  （这是数据读数不是预测，会错，过去不代表未来）
2026-06-24,偏积极,今天市场数据整体偏积极，但需要注意一些细节。VIX 波动率处于中性水平，收益率曲线也显示正常，信用利差偏低意味着市场对信用风险的担忧不大，个股相关性较低说明市场分散性较好。综合来看，当前市场环境相对健康，可以偏积极一些。  （这是数据读数不是预测，会错，过去不代表未来）
2026-06-26,偏积极,今天市场数据整体偏向积极，虽然波动率（衡量市场恐慌程度的指标，越高越慌）处于中等水平，但收益率曲线（衡量借钱的难易程度，越陡峭越好）和信用利差（衡量借钱的风险溢价，越低越好）都显示出一些积极信号，表明市场对风险的承受能力在增强。个股之间走势不太一致（相关性/共动，衡量股票之间涨跌是否同步，越低越分散），这有利于分散风险。  （这是数据读数不是预测，会错，过去不代表未来）
2026-06-29,偏积极,今天市场读数显示，整体市场倾向偏积极，但需要注意一些信号。VIX（衡量市场恐慌程度的指标，越高越慌）处于中性水平，收益率曲线（衡量长期和短期借钱成本差，通常预示经济状况）是正斜率但比较平，说明经济扩张信号不强。信用利差（衡量借钱风险溢价，利差低说明大家觉得借钱风险小）偏低，这通常是积极信号，但也要警惕是否处于经济周期的晚期。个股共动（衡量股票之间涨跌是否一致，低说明大家走势不同，分散风险效果好）偏低，说明市场比较健康。综合来看，目前市场偏积极，但不是非常强劲，可以稍微偏积极一些。  （这是数据读数不是预测，会错，过去不代表未来）
2026-06-30,偏积极,今天市场数据总体上有点偏积极，因为衡量市场恐慌程度的 VIX（越高越慌）和衡量市场对公司还钱信心的信用利差（越低越好）都显示出相对乐观的信号，而且个股之间走势不太一致（相关性低），这说明市场比较健康。虽然纳指方向信号不太给力，但整体来看，当前市场环境更适合稍微偏积极一点。 （这是数据读数不是预测，会错，过去不代表未来）
2026-07-01,偏积极,今天市场数据整体偏积极，因为衡量市场恐慌程度的 VIX（波动率 VIX）处于中等水平，而衡量大家借钱难易程度的信用利差（信用利差）也比较低，说明大家借钱相对容易，市场情绪比较宽松。虽然个股之间走势不太一致（个股共动），这反而有利于分散风险，市场整体呈现出一种健康的状态。另外，标普500指数的长期均线（50日均线）已经突破了更长期的均线（200日均线），这通常被看作是市场趋势向上的一个积极信号。  （这是数据读数不是预测，会错，过去不代表未来）
2026-07-02,偏积极,今天市场读数显示，整体倾向是偏积极的，因为衡量市场恐慌程度的 VIX（越高越慌）处于中等水平，而且代表市场信心的信用利差（衡量借钱难易程度，越低越容易）也比较低，这通常意味着大家对借钱和还钱没那么担心。虽然个股之间走势不太一致（相关性低，意味着大家各自为战，分散风险效果好），但这些积极信号的强度不算特别强。  （这是数据读数不是预测，会错，过去不代表未来）
2026-07-03,偏积极,今天市场读数显示，整体情况偏向积极，因为衡量市场恐慌程度的 VIX（越高越慌）处于中等水平，而且代表着市场对未来经济信心的收益率曲线（越陡峭越好）是正向的，虽然信用利差（衡量企业借钱成本和无风险借钱成本的差距，越低越好）有点低，但整体风险不大。个股之间走势比较分散，说明市场没有过度抱团。虽然有历史数据显示七月通常上涨，但这个规律并不强。  （这是数据读数不是预测，会错，过去不代表未来）
2026-07-07,偏积极,今天市场数据总体来看是偏积极的，因为衡量市场恐慌程度的 VIX 指数（VIX 15.6）处于一个相对温和的水平，而且大家借钱的成本（信用利差 1.54）也比较低，说明市场对风险的承受能力还不错。虽然大家买卖股票的关联度（相关性 0.13）不高，意味着个股走势比较分散，这通常是健康的表现。另外，标普 50 日均线向上穿过 200 日均线（标普金叉）这个历史规律今天也成立，过去这种情况下市场上涨的概率略高一些。  （这是数据读数不是预测，会错，过去不代表未来）
2026-07-10,偏积极,今天市场数据总体来看，偏向积极一些。虽然市场恐慌程度（VIX）处于中等水平，但一些重要的信号是积极的，比如公司之间股价走势不太一致（个股共动偏低），这说明市场比较健康，大家没有盲目跟风。另外，一个历史规律显示，当大家对纳指非常悲观时（COT 纳指投机仓位极空），未来纳指上涨的概率会变大，而现在这个情况正在发生。  （这是数据读数不是预测，会错，过去不代表未来）
